SID,Run_ID,Replicate_Number,Sample_matrix,Analyte_Code,Concentration,Units,LOD,Comment_code
C-1FXA4-U-03,CHLU0418_LT2_PHTH_UR_Run7,0,U,MBZP,3.43,ng/mL,0.2,0
C-1FXB2-U-00,CHLU0418_LT2_PHTH_UR_Run4,0,U,MBZP,23.6,ng/mL,0.2,0
C-1FXH9-U-03,CHLU0418_LT2_PHTH_UR_Run4,0,U,MBZP,5.74,ng/mL,0.2,0
C-1FXK2-U-04,CHLU0418_LT2_PHTH_UR_Run2,0,U,MBZP,0.376,ng/mL,0.2,0
C-1FXM8-U-00,CHLU0418_LT2_PHTH_UR_Run2,0,U,MBZP,37.2,ng/mL,0.2,0
C-1FXM8-U-03,CHLU0418_LT2_PHTH_UR_Run8,0,U,MBZP,2.91,ng/mL,0.2,0
C-1FXM8-U-04,CHLU0418_LT2_PHTH_UR_Run4,0,U,MBZP,1.59,ng/mL,0.2,0
C-1FXP1-U-00,CHLU0418_LT2_PHTH_UR_Run3,0,U,MBZP,9.68,ng/mL,0.2,0
C-1FXP1-U-01,CHLU0418_LT2_PHTH_UR_Run7,0,U,MBZP,12.5,ng/mL,0.2,0
C-1FXP1-U-03,CHLU0418_LT2_PHTH_UR_Run4,0,U,MBZP,6.2,ng/mL,0.2,0
C-1FXU0-U-03,CHLU0418_LT2_PHTH_UR_Run2,0,U,MBZP,89.3,ng/mL,0.2,0
C-1FXY1-U-02,CHLU0418_LT2_PHTH_UR_Run2,0,U,MBZP,2.88,ng/mL,0.2,0
C-1FXY1-U-04,CHLU0418_LT2_PHTH_UR_Run9,0,U,MBZP,4.96,ng/mL,0.2,0
C-1FY26-U-03,CHLU0418_LT2_PHTH_UR_Run6,0,U,MBZP,2.6,ng/mL,0.2,0
C-1FYB1-U-04,CHLU0418_LT2_PHTH_UR_Run8,0,U,MBZP,5.58,ng/mL,0.2,0
C-1FYE4-U-00,CHLU0418_LT2_PHTH_UR_Run1,0,U,MBZP,4.57,ng/mL,0.2,0
C-1FYE4-U-04,CHLU0418_LT2_PHTH_UR_Run7,0,U,MBZP,3.79,ng/mL,0.2,0
C-1FYM7-U-02,CHLU0418_LT2_PHTH_UR_Run7,0,U,MBZP,13.1,ng/mL,0.2,0
C-1FYM7-U-03,CHLU0418_LT2_PHTH_UR_Run8,0,U,MBZP,2.3,ng/mL,0.2,0
