chear_pid,demo_hisp_latino,demo_racialafam,demo_income_code,demo_school_code,demo_school_other,pt_related_yn,pt_related_who,pt_related_how,final_control,actest_total_visit1,actest_total_visit2,actest_total_visit3,auea_2months_doctor_visit1,auea_2months_doctor_visit2,auea_2months_doctor_visit3,auea_2months_hospitalized_visit1,auea_2months_hospitalized_visit2,auea_2months_hospitalized_visit3,cact_act_cat_visit1,cact_act_cat_visit2,cact_act_cat_visit3,cactest_total_visit1,cactest_total_visit2,cactest_total_visit3,cbc_abs_eos_visit1,cbc_abs_eos_visit2,cbc_abs_neut_visit1,cbc_abs_neut_visit2,cbc_percent_eos_visit1,cbc_percent_eos_visit2,cbc_percent_neut_visit1,cbc_percent_neut_visit2,cbc_wbc_visit1,cbc_wbc_visit2,cdphe_no2_max_visit1,cdphe_no2_max_visit2,cdphe_no2_max_visit3,cdphe_no2_mean_visit1,cdphe_no2_mean_visit2,cdphe_no2_mean_visit3,cdphe_o3_max_visit1,cdphe_o3_max_visit2,cdphe_o3_max_visit3,cdphe_o3_mean_visit1,cdphe_o3_mean_visit2,cdphe_o3_mean_visit3,cdphe_pm10_max_visit1,cdphe_pm10_max_visit2,cdphe_pm10_max_visit3,cdphe_pm10_mean_visit1,cdphe_pm10_mean_visit2,cdphe_pm10_mean_visit3,controller_treatment_b_visit1,controller_treatment_b_visit2,controller_treatment_b_visit3,daps_spiro_age_visit1,daps_spiro_age_visit2,daps_spiro_age_visit3,daps_spiro_gender_visit1,daps_spiro_gender_visit2,daps_spiro_gender_visit3,daytime_asthma_c_visit1,daytime_asthma_c_visit2,daytime_asthma_c_visit3,dust_alta1_visit1,dust_aspf1_visit1,dust_blag2_visit1,dust_canf1_visit1,dust_derf1_visit1,dust_derp1_visit1,dust_feld1_visit1,dust_musm1_visit1,eno_feno_avg_visit1,eno_feno_avg_visit2,eno_feno_avg_visit3,exacerbation_assessment_a_visit1,exacerbation_assessment_a_visit2,exacerbation_assessment_a_visit3,exacerbation_assessment_c_visit1,exacerbation_assessment_c_visit2,exacerbation_assessment_c_visit3,lung_function_b_visit1,lung_function_b_visit2,lung_function_b_visit3, msp_pm10_visit1 , msp_pm10_visit2 , msp_pm10_visit3 ,nighttime_asthma_c_visit1,nighttime_asthma_c_visit2,nighttime_asthma_c_visit3,season_visit1,season_visit2,season_visit3,spiro_fef_visit1,spiro_fef_visit2,spiro_fef_visit3,spiro_fev_fvc_visit1,spiro_fev_fvc_visit2,spiro_fev_fvc_visit3,spiro_fevpercent_visit1,spiro_fevpercent_visit2,spiro_fevpercent_visit3,spiro_fvc_pp_visit1,spiro_fvc_pp_visit2,spiro_fvc_pp_visit3,spiro_technique_visit1,spiro_technique_visit2,spiro_technique_visit3, stat_no2_visit1 , stat_no2_visit2 , stat_no2_visit3 ,total_score_visit1,total_score_visit2,total_score_visit3,urine_alert_value_visit1,urine_alert_value_visit2,urine_alert_value_visit3,v_upem_endotoxin_visit1,v_upem_glucan_visit1, vest_no2_visit1 , vest_no2_visit2 , vest_no2_visit3 , vest_o3_visit1 , vest_o3_visit2 , vest_o3_visit3 ,vest_pm10_visit1,vest_pm10_visit2,vest_pm10_visit3,vital_bmi_per_visit1,vital_bmi_per_visit2,vital_bmi_per_visit3,vital_bmi_type_visit1,vital_bmi_type_visit2,vital_bmi_type_visit3,vital_bmi_visit1,vital_bmi_visit2,vital_bmi_visit3,vital_height_visit1,vital_height_visit2,vital_height_visit3,vital_weight_visit1,vital_weight_visit2,vital_weight_visit3,year_visit1,year_visit2,year_visit3
1184910,1,2,9,12,,0,,,0,24,25,23,1,0,0,0,0,,3,3,3,,,,0.24,,2.76,,3.45,,39.71,,6.95,,51,76,41,22,29,18,49,28,53,22,10,31,89,70,348,34,19,20,2,5,1,12,12,13,2,2,2,0,0,0,0.04,0.01,0.1,3.09,0.01,0.01,0.09,0,36.5,6.5,15,1,0,,2,0,,3,2,3,9.574,8.99,223.74,0,0,0,2,3,4,35,50,35,67.51,75,65.06,67,74,67,86,86,90,1,1,1,12.974,12.942,30.864,7,7,4,0,2,2,2.76,125.57,12.196,14.255,25.431,,,,20.43,14.41,25.15,90,90,87,2,2,2,22.9,23.1,22.5,152.5,154.7,155.7,52,55.4,54.6,2016,2017,2017
1333160,1,2,4,18,,0,,,0,,,,1,0,0,0,0,,3,,3,20,,23,0.01,,3.11,,0.18,,58.02,,5.36,,51,38,74,19,16.2,33,56,57,43,37,34,15,39,78,203,17,20,40,4,4,4,8,9,9,1,1,1,0,0,0,0,0,0.1,0.09,0.01,0.01,0.02,0.03,20.5,82.5,73.5,0,0,,0,0,,0,0,0,61.297,15.949,22.678,0,0,0,4,1,2,120,51,62,91.34,74.74,80.3,120,87,91,121,106,104,1,1,1,14.619,9.163,10.235,4,4,4,2,3,0,3.92,409.5,13.403,9.652,13.011,,14.811,,46.65,38.39,33.43,40,25,27,1,1,1,15.7,15.1,15.3,129,130.2,131.7,26.2,25.6,26.6,2016,2016,2016
1438670,0,2,10,14,,0,,,0,,,,1,0,0,0,0,,3,3,3,20,22,27,0.19,,2.52,,3.32,,44.13,,5.71,,42,42,53,20,18.1,25,51,83,40,33,42,17,42,68,121,18,29,33,5,5,5,9,9,9,2,2,2,0,0,0,0.07,0,0.1,13.51,0.01,0.01,0.32,0.34,12,11,10.5,2,0,,4,0,,0,0,0,100.462,14.957,34.061,1,0,0,4,1,2,77,75,90,80.97,83.15,87.23,86,88,90,91,91,89,1,1,1,16.406,0.895,6.781,10,5,5,3,0,0,49.48,603.1,14.082,0.819,10.676,,4.201,,93.13,24.94,44.47,24,14,25,1,1,1,15.2,14.8,15.4,133.3,133.5,135.2,27,26.4,28.2,2016,2016,2016
1542141,1,2,4,12,,0,,,0,,,,0,0,0,0,0,,3,3,3,20,23,25,0.36,,3.6,,4.82,,48.25,,7.46,,25,39,49,16,18,27,46,74,34,21,39,17,27,157,48,9,29,15,4,4,3,10,11,11,2,2,2,0,0,0,0.08,0,0.1,9.64,0.01,0.01,0.02,0.01,41,70.5,65,0,0,,0,0,,0,0,0,14.933,15.611,13.784,0,0,0,4,1,2,77,65,76,81.67,77.13,81.3,93,100,100,102,119,109,1,1,1,4.025,5.336,2.982,4,4,3,0,3,0,1.54,117.63,4.119,5.219,3.321,,8.628,,16.45,18.07,20.36,48,25,57,1,1,1,17,16,17.9,130.2,132.4,132.1,28.8,28,31.2,2016,2016,2016
1610674,1,2,11,13,,0,,,0,,,,0,3,0,0,0,,,3,3,,22,21,0.42,,3.37,,6.89,,55.33,,6.09,,40,46,52,13,18.2,21,52,69,41,30,37,24,43,63,78,15,19,25,3,3,3,10,10,10,2,2,2,0,0,0,0.12,0,0.1,49.94,0.01,0.01,0.04,0,21,26.5,17.5,0,1,,0,2,,0,0,0,11.179,10.048,17.236,0,0,0,4,1,2,65,53,58,73.18,69.72,71.95,105,94,100,127,119,125,1,1,1,4.254,1.05,2.974,3,5,3,3,2,0,1.32,239.84,6.522,0.875,5.262,,3.192,,31.57,26.5,28.36,95,95,94,3,3,2,23.2,23.4,22.8,133.6,134.6,135.6,41.4,42.4,42,2016,2016,2016
1659598,1,2,9,12,,0,,,1,25,,,0,,,0,,,3,,,,,,0.12,,2.19,,2.63,,48.02,,4.56,,,,,,,,,,,,,,,,,,,,0,,,15,,,2,,,0,,,,,,,,,,,24.5,,,0,,,0,,,0,,,,,,0,,,4,,,84,,,85.81,,,91,,,92,,,1,,,,,,0,,,2,,,,,,,,,,,,,,93,,,2,,,26.4,,,171.9,,,78,,,2017,,
2323905,1,2,3,18,,0,,,0,23,25,25,0,1,0,0,0,,3,3,3,,,,0.15,,1.95,,2.91,,37.93,,5.14,,36,53,47,16,25.4,22,83,40,39,41,17,22,68,121,59,29,34,18,2,3,1,13,13,13,2,2,2,0,0,0,0,0,0.1,0.05,0.01,0.01,0,0,39,35,104.5,0,0,,0,0,,0,0,0,47.331,27.552,31.46,0,0,0,1,2,3,87,70,68,82.87,77.57,75.9,99,91,93,104,102,107,1,1,1,0.393,6.825,4.649,2,3,1,3,0,2,0.64,293.61,0.392,4.241,4.587,7.448,,,36.71,26.36,29.31,74,81,77,1,1,1,20.5,21.5,21.2,168.6,169.7,171.7,58.2,62,62.6,2016,2016,2017
2355253,0,1,1,13,,0,,,1,25,,,0,,,0,,,3,,,,,,0.1,,3.05,,1.73,,53.04,,5.75,,,,,,,,,,,,,,,,,,,,0,,,16,,,2,,,0,,,,,,,,,,,0,,,0,,,0,,,0,,,,,,0,,,2,,,98,,,85.04,,,107,,,108,,,1,,,,,,0,,,0,,,,,,,,,,,,,,98,,,3,,,32.3,,,176.1,,,100.2,,,2016,,
2452738,1,2,4,18,,0,,,0,,,,0,0,0,0,0,,3,,3,25,,25,0.25,,2.35,,4.78,,44.93,,5.23,,36,32,47,14,17.6,30,64,68,34,35,29,13,43,46,58,15,20,21,1,1,2,9,10,10,2,2,2,1,1,0,0,0,0.1,0.01,0.01,0.01,0.06,0.04,9,48.5,29.5,0,0,,0,0,,0,0,0,39.1,29.654,13.512,0,0,0,4,1,2,84,67,59,80.61,77.98,75.21,105,94,91,115,106,107,1,1,1,7.821,9.01,18.987,2,2,2,3,3,0,1.67,461.7,8.114,8.997,17.591,,4.384,,54.99,45.97,49.09,90,93,93,2,2,2,20.4,21.6,22,131,132.2,133.8,35,37.8,39.4,2016,2016,2016
2736197,1,1,1,12,,0,,,0,22,23,18,0,0,0,0,0,0,3,3,2,,,,0.5,,3.2,,7.69,,49.23,,6.5,,35,63,36,18,27.8,16,66,35,65,32,16,34,46,57,54,15,13,26,3,3,2,13,13,14,2,2,2,3,0,2,0,0,0.1,0.03,0.01,0.01,20.64,0,12.5,37.5,130,0,0,0,0,0,0,0,0,0,12.301,12.888,16.058,2,0,3,1,2,1,70.7,79.7,67.9,76.81,77.46,70.37,105.7,117.2,112.9,114.3,126,139.9,1,1,1,15.344,,27.871,8,3,7,1,1,1,1.03,215.95,18.733,,18.642,14.156,,,13.89,22.85,16.47,81,74,86,1,1,2,21.4,20.7,23,153.6,153.7,159.3,50.5,48.8,58.4,2014,2014,2015
3068723,0,1,1,14,,0,,,0,,,,0,1,,0,0,0,2,2,,15,19,,0.2,,1.3,,3.92,,25.49,,5.1,,38,47,,21,23.2,,56,41,,27,20,,33,30,,11,11,,4,4,,10,10,,1,1,,1,0,,0.13,0,0.1,36.29,0.01,0.01,0.02,0.46,18.5,31,,0,1,0,0,2,0,1,2,,13.722,9.638,,2,0,,1,2,,61.6,63.6,,83.18,84.37,,79.8,76.2,,82.1,76.9,,1,1,,10.877,,,8,8,,1,1,,1.5,137.09,11.449,12.041,,3.866,,,21.55,20.16,,64,35,,1,1,,18.2,16.4,,150.1,154.4,,40.9,39.2,,2014,2014,
3533080,1,4,3,15,,0,,,0,,,,0,0,0,0,0,,3,,3,27,,22,0.1,,4.21,,1.32,,55.61,,7.57,,33,35,56,15,15.6,34,69,44,32,36,19,9,36,91,57,20,31,25,5,5,5,9,9,9,2,2,2,0,0,0,0.12,0,0.1,71.8,0.01,0.01,0.06,0,5.5,6.5,12.5,0,0,,0,0,,0,0,0,16.746,,32.53,0,0,0,1,2,3,,,83,,,83.5,,,86,,,90,0,0,1,6.195,5.623,5.692,5,5,5,1,0,3,1.27,158.14,7.418,6.951,6.257,3.037,,,25.89,29.19,22.63,82,90,91,1,2,2,18.6,20,20.5,133.5,134.7,136.3,33.1,36.2,38,2016,2016,2016
3548252,1,2,5,18,,0,,,0,,,,0,0,0,0,0,,2,3,2,18,21,19,0.07,,2.53,,1.33,,48.37,,5.23,,36,55,70,16,25.9,22,83,39,47,41,19,18,68,223,156,28,37,26,2,2,2,10,10,10,2,2,2,0,1,0,0,0,0.1,0.04,0.01,0.01,0.09,3.7,9,20,9.5,0,0,,0,0,,0,0,0,33.935,59.846,27.08,1,0,1,1,2,3,98,100,98,86.07,82.89,85.48,112,120,110,115,128,114,1,1,1,2.379,45.195,28.998,3,3,5,0,0,2,2.41,285.1,2.921,41.381,26.145,5.469,,,54.63,63.29,37.79,40,46,50,1,1,1,16.3,16.7,17.1,131.7,133.1,134.8,28.2,29.6,31,2016,2016,2017
3647369,1,2,4,18,,0,,,0,25,25,19,0,0,0,0,0,0,3,3,2,,,,0.5,,4.8,,6.84,,65.75,,7.3,,43,51,47,21,27.4,21,71,39,98,31,14,37,75,35,85,27,12,32,5,5,5,12,12,13,1,1,1,0,0,0,0.02,0,0.1,1.21,0.01,0.01,0.53,0.03,52,68.5,76,0,0,0,0,0,0,3,0,0,23.562,20.629,17.701,0,0,0,1,2,1,,100.2,79.6,84.67,89.18,86.28,64.7,111,91.3,65.9,106.9,95.6,1,1,1,27.396,,18.373,8,5,5,1,1,2,2.22,121.95,25.571,24.375,17.377,2.875,,,20.13,34.14,13.84,87,88,80,2,2,1,22.5,23,21.7,137.1,137,138,42.3,43.1,41.4,2014,2014,2015
3673985,0,1,9,13,,0,,,0,21,22,21,0,0,0,0,0,0,3,3,3,,,,0.1,,3.7,,1.44,,53.62,,6.9,,35,53,38,19,27.7,18,66,38,72,31,14,40,46,44,35,15,13,15,3,3,3,13,14,14,1,1,1,0,0,0,0.06,0,0.1,6.8,0.01,0.01,0.03,0,20,27.5,22.5,0,0,0,0,0,0,0,0,0,28.037,34.069,17.921,0,0,0,1,2,1,69.4,56.4,78.1,79.32,75.13,76.69,97,88.1,113.9,103.6,99.3,132.5,1,1,1,6.97,,7.24,3,3,3,2,4,2,2.34,277.58,6.96,11.066,9.1,1.478,,,33.8,32.56,28.61,96,96,98,3,3,3,26.9,27.2,30.4,168.8,167.9,168.9,76.6,76.7,86.6,2014,2014,2015
3962446,0,2,5,13,,0,,,0,9,15,21,0,0,1,0,0,,1,1,3,,,,0.75,,2.61,,9.35,,32.54,,8.02,,39,50,50,18,22.6,26,74,53,45,40,27,22,157,83,74,29,25,25,3,2,5,13,14,14,2,2,2,2,1,0,0.04,0,0.1,2.3,0.01,0.01,0.82,0.01,74,73,36,0,0,,0,0,,3,2,0,13.423,7.884,6.85,3,0,0,1,2,3,32,37,88,61.24,65.77,81.76,62,77,99,88,86,106,1,1,1,6.783,12.303,9.173,11,5,5,1,0,2,2.12,126.09,7.389,12.006,10.462,4.975,,,18.38,22.08,29.93,93,91,95,2,2,3,25,24.1,26.9,154.8,156.5,158.7,60,60,67.8,2016,2016,2017
4051314,1,2,2,13,,0,,,0,23,24,25,0,0,0,0,0,0,3,3,3,,,,0.2,,2.8,,3.7,,51.85,,5.4,,36,63,36,19,29.4,17,56,41,60,31,16,32,56,57,54,27,17,24,4,3,3,12,12,12,1,1,1,0,0,0,0,0,0.1,0.3,0.01,0.01,0.12,0.03,7.5,13.5,11.5,0,0,0,0,0,0,3,2,1,20.046,12.277,11.899,0,0,0,1,2,1,36.9,40.6,71.5,74.47,72.45,83.26,69.2,78.3,82.6,79.7,92.5,88.3,1,1,1,15.829,,11.6,7,5,4,0,0,2,3.73,240.51,16.591,9.368,11.882,4.537,,,25.53,10.77,10.17,99,99,99,3,3,3,32.4,33.1,36.1,144.5,147.4,150.2,67.6,71.9,82.2,2014,2014,2015
4312971,1,2,5,18,,0,,,0,,,,1,0,0,0,0,,3,,3,26,,27,0.24,,2.84,,4.5,,53.28,,5.33,,36,39,65,17,20.3,35,82,54,32,44,27,8,42,88,140,21,27,31,2,2,2,10,11,11,1,1,1,0,0,0,0,0,0.1,0.02,0.01,0.01,0,0.25,29,20.5,33,0,0,,0,0,,0,0,0,29.812,45.35,34.39,0,0,0,1,2,3,84,72,84,83.85,81.78,84.61,96,94,99,102,102,104,1,1,1,18.962,16.888,23.586,2,2,2,2,1,1,5.52,321.22,21.738,14.529,21.421,7.978,,,33.58,33.47,43.55,82,78,76,1,1,1,20.3,20,20,152.2,153.8,154.7,47,47.4,47.8,2016,2016,2016
4313839,1,1,11,15,,0,,,1,25,,,0,,,0,,,3,,,,,,0.06,,2.72,,1.3,,59.25,,4.59,,,,,,,,,,,,,,,,,,,,0,,,16,,,1,,,0,,,,,,,,,,,12.5,,,0,,,0,,,0,,,,,,0,,,1,,,67,,,79.21,,,88,,,97,,,1,,,,,,0,,,0,,,,,,,,,,,,,,20,,,1,,,18.4,,,167.6,,,51.8,,,2016,,
